pc1,pc2,pc3,pc4,pc5,pc6,pc7,pc8,pc9
1.2777747846101093,0.19515194421299475,1.3804633125077308,0.3632502120244817,-0.34700657148322267,-0.5790243625976494,1.298272823890127,0.01645225001641762,-0.0464729033518862
3.5184323557243844,0.6238596030704179,-0.3408796018139383,-0.3190670341365036,-0.7496827721837809,0.5551617422641744,-1.1458023577581549,0.5410173371884686,-0.27709322084995414
2.441582386353364,-0.9238178986652802,-0.5827001962385069,0.8016753121765919,-0.5307282585388587,0.6830286485368104,0.49664736121176506,-0.6667620616445589,0.17571046946904478
-1.0496378559296267,-0.8903964675084308,1.8259886818294577,0.6909566994103881,2.6667628230924607,0.4649221312572838,1.132152599606547,0.6514655108000326,0.08954483643353273
-1.498045047425121,0.17504050227711238,1.2077774712583533,1.2632347336289427,-0.20699309577470315,0.2878982039075108,0.20416478920234518,0.359180928693833,-0.8063380064243026
-1.5875464653663136,0.03237667940092788,-0.2311518078379302,-0.65228992326499,0.31129175123328234,0.2878129885811663,0.8776419990617874,-0.6192153455086818,-0.16476273984862627
2.3924456835510046,0.23258866613763873,0.740616632152782,0.8089461160948704,0.7729015903782942,1.0829652961066378,1.2150746048045797,0.11950770420132631,-1.1602665653715114
-0.5558808786147116,1.1082650713454112,-1.4952960858365858,-0.4106708071182079,1.5449473064328687,-0.7440243141813971,-0.012546016634857216,-0.7593930578463356,-0.6510392319575853
1.1957582766745416,0.25353054295749367,-0.16317926053272624,0.5890792770604468,-0.4662140198870719,0.16701381293554246,0.35755878881787306,-0.7173428013536685,0.24226286103501815
1.1472326288801784,-0.8408000750984747,1.9569939424811391,1.2050033196501513,0.2883770474147585,-0.23736975439048424,0.5320985755661025,-0.8342335626272398,0.18879785373078928
-0.49949943801238705,-0.7450343911730951,0.550787270524907,-1.1306514368583407,-0.5454281634646948,-0.4640201093827996,-0.10879943042659712,-0.4610627405941875,-0.43517524821260106
0.27930538461454535,1.2890096441141945,0.37477228671645,0.5763269112803721,0.1753428015231718,-0.7687145310518049,0.5588084912211517,0.33301357970028883,-0.6604718178303267
0.49498971706235484,0.38804187004399165,-0.18673313709032457,0.6469609213929061,-0.7113591365111567,-0.06623294039394917,0.04883857252206106,0.7081083129379194,0.5694195198318026
-2.1885699121426403,0.15600513678351052,-0.36033834376603013,-0.17042767221099175,0.7971377702697129,0.1370463322440913,-0.385178667854008,-0.40133905503823974,0.45292333020124276
-0.760096884716968,0.4449285504956763,2.001765391552936,-1.9061372626471011,-0.2779075079171134,0.04358797676398768,-0.5655772452380671,0.23349664411821233,1.0644957587470998
-0.9200705181480374,-0.35658101237250295,1.6490132402983577,-1.4494713684284517,-0.27210236780761,0.4377917618019788,0.9294145448798145,-0.03178817527411362,0.27260178057810414
-1.3733856532600606,-1.0808487740368182,-0.041695379488764436,0.2238002552896442,0.9360793309055242,-0.04891462215097486,0.6924987310350867,-0.4058572317194765,0.25499654527096005
-0.6381069523555013,-0.07074527416905763,0.46084597738147404,-0.8749726941715571,0.4327318353917011,-0.14205495591653478,-0.07957559997146013,-0.5938545849607196,-0.31613843278024384
-1.158471019197514,0.16335539065015453,-0.5481570582358649,-0.7018154082758341,0.4754655240516458,-0.8754565918389965,-0.31023572677572675,1.1049132234264656,-0.008560596442642177
-1.6139475192766213,0.40125073760267227,-0.014703437984349255,-0.5553393284296123,0.7545723949175837,0.023983758595528093,0.04201463708262426,-0.15784568718178585,-0.12126816557698955
0.48620099351746016,-0.719239961977534,-0.24788931611878032,1.0029086216335652,-0.8493269705724449,-0.5890017049426179,1.4414310295548405,-0.6003650348189222,0.030183549876342086
0.1099520379106419,1.8171155719640124,0.6905688509681199,0.05810215832549659,-0.2634218070358133,-0.40711998190419374,0.36009954519816645,0.1502567522085601,-0.33403181082150574
0.09538841306700063,0.6389170919607818,-0.1016249929043386,1.1054756697672867,0.2704226845408849,-0.3998084001853913,1.2356506775952067,-0.22560701375701345,-0.11590229472218555
0.994807794304852,0.07515553048407601,0.7432589611471068,0.74583646408619,0.12451669535824142,1.9974081101230314,1.218672904579896,0.14200876689366362,0.7693641292068714
2.0278049128215287,-1.0075356803093314,0.15846503401104386,0.8131200918262055,-0.609607378394404,0.8489429269939164,-0.08285034139333802,-0.42255815398450414,0.12192955983329712
-1.0455250572708208,-0.9041547234662763,0.22495117658062316,-0.2768733640749764,0.6728722733125887,-0.24767785093198974,1.028504703250933,0.6960331382112163,-0.25886217196622474
-1.2904745431079316,1.4997027557843752,-1.430538370506785,-0.7872860984464967,1.0758722769576576,-0.46607757032118885,0.7754904774303688,0.22127850561849363,0.05232225260491563
1.761473859413834,-1.032288688255686,0.8286037158832615,-1.4422930713299287,0.26891976908304965,-1.4733322153504382,0.9725571163827685,0.598337640537279,-0.6840875551655434
-1.1043664735470728,0.12614384606515527,1.3092815454463378,-0.5248478775073119,1.1420137742738383,0.15180717724138143,-0.6668382940049419,-0.28956695387172016,-0.38368777002849475
0.031680109877776474,-2.4412694564191906,0.4964935607230656,2.1277641518203665,-0.4983404237738752,-0.850201926258168,-0.7317958339023033,-0.06338049394859199,0.2109993155481258
1.0976789508479268,0.06549334765792679,-0.43242142991308263,-1.7151867236748788,-0.056458711544091766,1.119031842466981,0.8086827458401434,0.21090440795652685,-0.6839023672925699
0.3409236819236606,-0.8250219107667204,-0.954055145941932,-0.6081935316831015,0.26194635357442436,1.5412949366843354,-0.07253103846774878,-0.9745676297332856,0.30015272724774666
-0.41356207232773645,1.6681870845314262,-0.8956026292342456,-1.5082962849533543,0.597746631362625,-0.7427377523850806,0.4258398279801099,0.07710238952806245,0.6605528497805713
-0.4495925522419226,-0.19009015229457543,0.1511528018218132,-0.972968309145827,0.15640515670733054,-0.27938787412460475,0.10376596325978077,-1.0925062889233914,0.2242473728307075
-2.0816657785238877,-0.002841026726450993,0.43984338007928947,-0.3694183828335801,0.6075529018679314,0.23490264680725953,-0.1339832597308186,0.05823126969114975,0.43760241965530444
-2.0941680864599266,0.15051921529701812,0.7497556263538477,-0.5181271329878538,0.39344298416305834,0.2844492184723291,-0.8883944892306633,-0.45372852345438297,-0.3389420442756285
0.44922165381466617,-2.0733382991193032,0.9307537458414044,1.8597722969615371,-0.2554433718688419,-0.755075049782296,-0.5081779947434476,-0.19903458268843396,0.18315047046955368
1.6932153073373613,0.42613880076448246,-0.020818144551167303,0.2967144010889081,-0.7437111076262783,-0.9100075917666635,-1.2996079394383697,0.29858489598642257,-0.2230777292157325
1.0524175936027746,0.2569675426055017,-1.165149666108685,-0.38579215625984203,1.7317732809065836,-0.5770341730038948,-0.9797599839469106,-0.37302629331872816,0.38702269671946743
0.4018789079058215,-0.09011399229434087,0.5498032919757986,-1.4902223485129622,0.02171511393231207,-0.9384441578403548,0.18133134044842208,0.3654300179132408,0.6155792058347376
2.7129982771551067,0.007282949797706703,-0.2927211061167799,-0.29504872113788827,-1.4388941516766505,0.9589695263457325,-0.8431188098431618,0.575151488894228,-0.4098551671726771
-1.6727453815912878,-0.6518499064601163,1.5110590217617381,-0.24951018252256296,0.8666104315416373,0.5063075867437394,-0.5731006903942556,-0.5449778494849238,0.43485049391531794
0.9129029838762391,1.886142627530896,-0.5230638531975232,-2.4144050237392323,0.049867469219910754,0.9476111412678829,0.12968615543277096,0.13731803748417948,-0.7035347188735519
-0.29993273925126235,-0.05043290959527151,1.0923607511307638,-1.5172586466640137,-0.030314140460888428,-0.07393971915928677,0.6942270030425157,0.2814758145972564,0.5123614698796009
-0.28221803719550764,2.229834457467072,-0.8382817873423989,0.4562020108159214,-0.07760449806231473,-0.5639732993828473,0.30765484406323457,-0.665574507377035,-0.6441005992268034
0.43496158149476594,-0.3914582447176075,0.05754982396038144,1.2685333857208252,0.06022826434677131,0.8310087942613811,1.6343824569145409,-0.023324241388423678,0.8482406043499009
-1.213190453426864,-1.8705450227992075,-0.6281578258449012,-0.43890411858353645,-0.7492949074602169,-0.6779899536550543,0.22027316076212583,0.7737350820890921,0.4707187432776565
1.273387372349053,-0.2904129843847105,1.4876097451378936,0.8999188138092978,0.23431631351590737,-0.8575519403180524,-0.4181233283249718,-0.0768326142815364,0.21135122762644842
1.1151808964322933,3.2718432200981935,-1.3230286642281046,0.09144337859287632,0.8536620241464125,-0.29933634163669487,0.5578465235450434,0.775071688632998,0.28100406919379417
-0.13784845670281676,-0.37690090676723403,1.0584411546384813,0.879409701485976,-0.7798733106839273,-0.39710021750442187,0.9801075988006933,0.6510423449052326,0.45533020938451707
-2.4686092975044693,-0.9262845423689384,-0.7466722484069953,0.07817172956965224,0.03196573852399687,0.9837865351693655,-0.18262595672009935,0.47405315297706907,-0.8189463437233615
-0.43026410074771904,-1.215098541351443,-0.5677181613863156,-1.1671628969262207,-1.0658520638194233,-0.39203140706046574,0.3416998606676632,-1.2095077230335167,0.28669739560108276
-0.8773378055460731,0.60871738965611,-1.1253383244805149,1.6057300892847035,-0.0717273120559292,0.29872162428159504,-0.8664473372490963,0.08171828504160797,-0.17060214048804173
-2.1255798392062157,0.9363103823794007,0.8141298007631315,1.0091224448398384,-0.6193699393451937,0.5369904901471962,0.008487899849584646,-0.25050661759452897,-0.15185768328408372
0.5422055585173279,-0.5321528492251217,-0.5678277780405286,-0.8290564064906643,0.4416568394686187,0.21513094581196807,-0.3638587485636319,-0.947357770498568,0.283981108360013
1.8549109245280078,-0.8585099442706575,-0.4095784911521815,1.3189581453655888,0.0785165415854765,-0.6599373166610455,-0.617587774046405,-0.05960600202051,0.3175645925399022
-0.6721904446196934,-0.16624363270478676,0.45216868847908487,-0.8449110877809686,0.44576241966748814,0.629040678825791,-0.1553835663907614,0.41136148060188493,0.8693957166766664
-1.84268409550377,-0.8349370872453347,0.16320705383452397,1.6309402860716498,-1.1244451567564,0.15099522741033672,-0.6189342656025151,-0.6178943031458974,0.25902332547207285
0.18235984798922156,0.5366896881594786,-0.26889170816953833,0.9758516309985893,-0.22965719488437375,-0.00478070581219564,0.521605447462439,0.8512508548547305,0.4157727159943987
0.44847558181143754,-0.690069971576795,-0.06343986742098798,0.9943659027263957,-0.8901032792410823,-0.048062393079045085,-0.4368979937262034,0.45158768728870124,0.056532493526020744
0.07473575750784611,-0.12013668628153647,-0.4202469193728431,-0.25786241585837,1.4947720044110147,-1.035509742288008,-0.5759887589685081,-0.4523708821693876,-0.23623088477212273
-0.373105194739146,-0.42234965568000343,1.9427586547157287,0.957624320720594,-0.4948893847563972,-0.33850616922289356,0.4635146199552562,0.7490964301439779,-0.3103704857457053
2.2422588063248186,-0.9724455993484024,-0.2808048555649062,0.9002001621820234,-0.5516766177699113,1.5892167087116473,-0.5014878147101528,-0.07714163726748932,0.08727793706477616
-1.3203681395843465,1.3350963616125437,-0.44491006806607303,-1.0667675954425218,0.7235140659380821,-0.3223185170016429,0.2851495614415214,0.5180117850213013,0.11829075578306181
0.5360347708306553,-2.229181876762249,-0.45148912279698605,-0.42531132695671164,-0.245335561431281,-0.21173519446992844,-0.47727278529104666,-0.018172395577216588,0.1581298353481274
2.498196327471745,0.2739786634213104,0.3684736402921315,0.6776102626321613,0.48990760443278225,0.7742559636815864,-0.23427792241765044,-0.40885093196521505,0.17152656163317226
0.7152924530074868,-0.4375000632993311,1.7145514245034275,0.5089122750653278,-0.5281807745534023,-0.09933211099132017,1.717492279483416,0.2516689539285012,0.26774264214871235
-0.08257876162070632,0.8468052780929906,1.4718412347325573,0.3104467142246611,-0.3213667399057726,0.031884322023168654,0.4411086262502721,0.005965234029985805,0.982889541430799
2.7420706126688263,1.0244565096284102,1.8704011626762813,0.5008600981336123,1.4472124644246889,-1.1860224673424247,-0.050682549574837754,-0.5807549373311806,0.23785104678969793
0.2503776385310771,-0.9962849739086322,1.9245054116573166,-0.40508052338320677,1.610387185090455,-0.2981627104018185,0.580042204449152,0.9671313474299291,0.21875539578467418
0.11837193964385351,0.9867857544913899,0.24932044041532883,-1.987162225621872,0.04170508478798357,-0.7732101142947401,0.5603668522245444,0.4675613349512757,-0.0460062082132312
0.4785753485109615,0.06256554457049361,-1.1996241297243246,-1.221226687615881,-0.13036435117058065,1.2795100116968536,0.17339724122821176,-0.8771804090864722,0.3100294802946483
2.136901626041618,-1.6107746803262326,-1.608994043859663,-0.5693529045323897,0.4166587418804153,-0.13746225976341198,-0.7061310704489548,-0.013833521977416358,0.2767462194869619
0.5140775248831789,0.3654245950722897,-1.4974601151777935,0.6731266987473,-1.1197808318742628,1.2842277518450562,0.5181911788592691,-0.5439455014484448,-0.3494421329836811
-1.7133739718323868,-0.12333731621568153,-0.2113350663763652,1.5130912446604485,-0.9266680066722959,1.2000915320871308,-0.280795054958322,-0.4131369211208237,-0.35455382252238715
0.9398320820190554,2.9537502870605215,0.0696175691794021,-0.43397912312691533,0.18531423221783858,-1.1050767062012612,0.4417640593963653,0.5952931400500254,0.12435051187812163
1.7510358302135756,-0.4370399206977145,0.045615792695765295,1.1487063464808118,0.2915442216622345,0.08941767610326473,0.4183471787388829,-0.7903657952669031,0.21394605191558846
0.5412617742038898,1.2493423397799095,-0.05329125586578131,0.6622706704990499,0.3262456380177198,-0.09411586761037449,-0.03640602272412319,1.3505085192508657,-0.04801323089746995
-1.389926159715691,0.9601216494768093,0.6227743359377585,1.016719910394904,-0.3148149322897351,0.10138127676485326,0.30073291071254077,-0.16617549146647173,-0.15937120999373272
1.3301001281660274,0.46224838093458603,0.1697953857365995,0.2020209738819948,-0.7482965529000973,-1.4968279604196977,-1.2511674911714072,-0.4305297023795679,0.5090193323593823
-0.050286932053480116,-1.6204995309964776,0.4381870793392497,2.3178070231689905,0.4164817514069274,-0.24448727821837088,0.6070530560751085,-0.4377172013546232,-0.40291185288249537
-0.06059883618785633,0.5866136629520445,-0.09996288018279498,0.8528042945323041,-0.4551077822350541,-0.9346338065584914,-0.1312004256557432,0.05217447670818351,-0.7824008754269199
-1.7168922825147308,2.140165746427775,0.5041616777273781,1.1544138343383525,0.6724352288615194,-0.010825487229387198,-0.542572154996783,0.6607795109950422,0.5735366788738672
1.8920423205634447,1.8071160858877688,1.9180709714669573,-0.8437989542027076,-0.403570497260762,-0.8101531919505691,0.306415388351822,-0.18023270282814055,1.1985516444135769
-1.5755777971087106,1.0490096827194522,-1.0568210348772975,-0.40798100458749165,1.183660509106761,-0.22044422973795202,0.17520568776134154,-0.2804218709770744,-0.0025413404114935645
-1.7410036161274194,1.205227531624851,1.0127470257044422,0.7577689695150421,-0.5249003314431362,0.24791664037000966,-0.1093189331283334,0.4108083068457451,0.4705894813912448
-1.0760395499449633,1.0804612984180235,0.4148393728161822,0.6736031131199013,-0.5927648199211699,-0.38655616768055545,-0.30198970541580883,0.6923650319264321,0.5658420644764066
-0.2958754514848133,-0.06859678662183216,-0.31934857213835993,0.4323499288504221,-1.6054662191905862,-1.252982992177701,-0.18170746937197668,1.2672298209796613,0.04299887247131973
-0.7354323940686689,0.9780402106346683,0.3551865394401694,0.4401158894527323,-0.9779048226610165,-0.347547993947902,-0.26376622260529803,-0.28436263971199705,-0.785307727141872
-0.6876164325694372,0.8327021358647976,0.020604468141056625,0.6851829874305487,-0.5635059668400144,-0.6031377648632537,0.2666917901396834,0.8615452285592106,-0.013957165262743931
0.43005682288118063,1.0917252614088822,-1.0207635498802035,0.6413151946160726,-0.4441323280793472,-0.8759995551429984,0.7547297667817128,-0.8263259395103927,-0.1230196724252221
4.0827896708512075,-1.5802936242056789,2.6898710267712467,0.5229638599290817,0.543221033230882,2.202355655837218,1.281568988557066,0.29705541046962625,-0.9390402185342676
1.2863136551108885,-0.8350122353095156,-0.6363585306328987,-1.0636279718582884,0.25317765549758314,1.9080392927898522,0.4147174259361606,0.6948685598949147,0.7592494910898049
-2.529476717628152,-1.657423986759899,0.4362268472915197,-0.00034374002531201153,-0.24163804473238837,0.4145079482784914,0.9823269576312512,0.48895961245375996,-0.3570570938878535
-0.657191999827448,1.65409880905557,0.002380487753549404,-0.047861132965177244,-1.0793109356368222,-0.21786162389830527,1.0666257423901344,0.06933144483659445,-0.01607536787757069
-0.7460727725495648,-0.0632551297092674,-0.6589169840586391,-0.6158309966010005,0.3357953193442256,0.5190776176934977,-1.0106354683420085,-0.936957757952192,0.30792381511435785
0.7686377328064985,-0.5740148522729946,-0.8174858072596963,1.2538725756181583,-0.518273294883964,0.08344959291280701,0.16411713008994797,-0.8863825088136094,0.2847267941939611
1.9915699538021152,0.6118726938354898,0.8061676482568564,0.36560611188891967,0.22432176386026542,1.158099581656316,0.2228899585395917,-0.12959690774181096,-0.507547365181675
-0.9436354693195402,-0.5076366732802966,0.2089669217523595,-0.936020413214866,-0.19191854191663826,0.7808265364173086,-0.09786822857826322,0.145365561176445,-0.2478263307065121
-1.7744323379476783,0.699361601625096,0.30972015184280155,1.1376185241491568,-0.6910705002637121,0.4454475433356438,0.049542680588214205,-0.8657094214530271,-0.2800859331699774
-1.8763649027630307,0.9087284748447381,-0.18277332239592886,1.5148366451950475,-0.13395723676066185,0.3103940194903428,-0.08293719499305818,-0.7358427014648038,-0.2270418325939993
-2.5975985199991656,-0.24303130254192917,0.7929407092701104,1.697678041470287,-0.753126612925507,0.45311611477234354,-0.501559746365879,0.23438849444935891,-0.036394173989680034
-0.052854010991210454,1.5908870925769607,-0.9688782714586092,0.5863120119746975,-0.36629259906868195,0.15432251874103925,-0.22544014119232647,-0.1422106952457449,-0.7266843500146039
0.6115428415094487,0.7144008646208032,-1.992181238838938,0.07458427609796092,-1.6339307019011748,-0.34696721624462634,1.1075346866639606,0.6346356173799133,0.21362044593880158
0.5315931781729147,-1.9922822519385301,-0.32778501365783375,-0.27974413623335237,0.29187826308627124,2.053017174363901,-0.11330662761363747,1.1881119535441735,0.6769938263756807
-1.376101602484355,0.34516796237533054,-1.65729395004053,-0.28299055595808065,0.8244302848417612,-0.4637139338336443,0.08450560870490179,-0.522866375447046,0.5918243700363881
-0.5111311749682664,-0.5463525375420851,0.22491156521124597,-1.3737525889680449,-0.8438508578949273,0.7723156463415923,-0.6597639563197967,-1.2318081425981393,0.2054691869412113
0.12237713608849543,0.24229207703379008,-0.07354959486926688,0.5566017529443464,-0.9586192569654717,0.28695397710157095,0.3409268301064647,0.32809742267325814,0.9857936232008926
1.5852548607658492,-1.4778208303118825,-0.274279339279228,-0.13887439051545458,1.533929518137241,0.16446410745638335,0.7105925508840774,-0.8790561374421298,0.12665450022205837
-1.101503580938444,-1.6833001323140955,0.16686014588800566,0.4189296415154694,0.8823422598598264,-0.445339986119713,-0.8023909602135068,-0.12146210807951904,0.17183840062422095
1.1343293835707202,1.304421072127403,0.14746318030994293,0.3924450711546329,0.1392491118558443,-1.1053552601447594,-0.17413361129331967,-0.7564486755535996,-0.1629856640527227
0.7685355948291702,-0.03821079359707748,-0.2059295936164483,1.0045345614679722,-0.4434520388677373,0.07446925354211048,-0.13725475770347206,-0.305660866012896,-0.14570900058936193
-1.7571177902310025,0.2329661209492363,0.5932390139762561,1.018103078805654,-1.1281250113616181,0.5170820515269294,0.9438785042286523,-0.5754274516041986,-0.154044078453705
1.1355138567703569,0.3844240449781603,0.41163852855406646,1.8874758472967241,1.9475437633051191,-1.0754422731414333,-0.5421674874148851,0.12084506005490245,-0.10970148824262671
1.3816619858135741,-0.9385568087699819,-1.106838351633111,-1.1660913332088954,0.05429476037972425,-1.0584357782251719,-0.0005145677679230798,1.241209438181332,0.4851101264555562
-1.409008485871012,-1.0705934031531883,0.4748036554083408,-0.45799848140548116,-0.15805246378923243,-0.7490746954197087,-1.0414886513873154,0.8262914725693769,-0.24500384874362202
-0.8050175889952602,0.9943487670681054,0.6656333772423925,0.009122659586307647,-1.5021487163702498,-0.03626964456791415,0.5258761355958758,0.16911749787292918,0.641902932205364
-2.1887332481871398,-0.7318985690494438,1.6192306768981288,-0.05464364495494112,0.8154504495203518,0.6206747260203156,-0.5311551743660557,-0.05428118682018937,-1.0875211865181251
2.590432071394892,0.8346031681253961,-1.4733367824348176,0.6151394021972313,0.22760029865668696,1.2858835014601315,-0.759598988398576,-0.15215421201382648,0.47460845416348874
2.2948631234001096,-0.29611117239700185,0.16795180362464865,0.5809419861209318,-0.1435379303239357,-0.1758289905959195,0.544370290487753,-0.4367380138783241,0.2099419990974296
0.16602324523635204,0.4752999759561933,-0.5259594582834877,0.9331925561493332,-0.6075591724705809,1.1184099455924281,-1.5880373282228302,-0.22801601229766386,0.45103762981292994
3.643985415206044,1.9572703122372284,-0.33845653355441746,0.6995869198147627,2.3421480082527415,1.4112025467156146,0.2912911388831337,0.23657135179022562,-0.42190745272380437
-1.028083843211864,-1.6432726440975407,-0.8328681212802833,0.20932103658863122,0.43955113977671634,-0.5764643191435663,0.7580996713158162,0.26648434195564763,0.438884531101429
2.6045845087071093,-2.8057251453554812,1.7092354636249067,0.02842758398356282,1.9908174161198469,-1.079437237435894,0.6883011742557237,-0.2945215138324989,-0.014797544920136851
0.7751207092115607,1.4536815953703601,0.21776201434779632,0.2556307077881098,-0.16948548849139133,0.6305611479244297,1.1277078591190808,-0.28609263438309185,0.10439116314903996
-1.3416010085159873,0.6924998087497575,0.8092948040882532,1.1275371583098588,-0.17743505432377105,-0.009181883131250512,0.32089614746061024,0.2666771690745867,-0.7765842366966672
4.037680106359749,0.9952026226724661,2.9520316208153625,-0.23794649576758442,1.1475534263482867,0.3708844673130853,-0.9985576602098846,0.6096490389585776,-0.43022866946921995
0.967390297883436,-2.108045970905907,-0.6831439749916375,0.2318310809427816,1.1191696773537496,-0.0633466019729404,0.05152385840961585,-0.48129361929892156,0.16393054842623334
-2.3984352783410845,-0.3177902772733745,-0.08410521525555487,-0.27214207133527024,0.17487033758564638,0.18614253208329895,-0.18596343974820279,-0.06725336378730187,-0.15496114466004213
-1.1204874810630712,-0.13882425719760477,-0.523429562877305,-1.180231262146757,-0.6290136285516186,-0.18540833132843348,0.5178213208260525,-0.8219056677078823,-0.8462922085218689
-0.3557110684202129,0.3239446054094379,-0.28462925666652406,0.9755165482560934,-0.47619751705302493,-0.6559677159700166,0.4524592807072088,0.21743819274675044,1.0901557289301365
-1.5046712124777564,-1.15431529279009,-1.7372509673282166,0.03533378095802653,0.017725771872429075,0.5543066549857505,0.06853065230230329,-0.09900000589944938,1.050766949004299
-3.2053993480948284,0.6894400482854487,1.5164000527771209,1.6954251620578749,-0.1017201560884784,1.010965363125887,-0.6321567751143551,0.07100336908781119,-0.2444146048833712
-1.079679599731302,1.523017780427915,0.6097542525506423,0.7084448099112667,-0.33816614654807886,0.14533050827180277,-0.4233836460243684,-1.0973674646410652,-0.19514673936158333
-2.05648561063365,-0.5844382060857352,0.2129600509584804,-0.23561107621670996,0.3401595054093734,-0.1495342977531115,0.2279817516567586,0.8417419888428416,-0.2236498708677651
-0.12673860527709557,0.7497221393954713,0.6726197370772307,0.6879376373690681,-0.17060221076840865,-0.39166410057250506,0.8372383318296898,0.16696532914700635,-0.74505177852068
1.866118377481007,-1.8653279486181356,1.0727748301928626,-1.3472061836555291,-0.21307581211319915,-0.9844231231995791,0.7686539379713009,-1.1159579985879098,0.09899009971576966
1.7151788038102835,-0.2630628170411865,-1.1765658929930032,0.7437787074185086,-0.5308226261367737,-0.8591758248319536,0.0806935431528586,0.44582645372862273,0.5395222103948645
-0.8815468604492569,-2.330531380442601,0.5310302685130198,0.6369312730913658,0.9213005782209069,-0.6109928042708368,-1.280506482803375,-0.08805717563124069,0.16650540366794075
-0.1642202757614043,0.11960816335462486,0.8986717719738987,1.281240028086446,0.34188279215903605,0.002556486964096716,1.314953218399788,0.459456912148689,0.4824046093247869
-1.0919772324101067,0.2510118910427307,0.18006646981169297,-1.3852006390067269,-0.4206297791006316,-0.1858976350301242,-0.007291295912453699,-0.6824006224497151,-0.07956750199498952
0.5444618473246022,2.108671160704651,1.3270359519117065,-0.3583969092447795,-0.392071379330417,-0.6602329062616081,-0.3933958614625769,-0.3029868890788109,0.6544978508286885
-2.168091185933084,0.11389170540206349,0.295949509993256,-0.8760773109151098,-0.23255648502236093,0.5330538964699141,0.3652719709068165,-0.48926713201310423,-0.05930214070451312
0.905368446001808,-0.24124429598930203,-0.8504103243012638,-0.7296613216064483,1.1429675391003187,-1.223245278448786,0.731470729771706,-0.11963724319428229,1.123939916363632
-0.39399076851177584,-0.17204123058443332,-0.7036499774291013,1.2284564075449773,-0.6021879707451465,-0.49336161719074695,0.9557968930008941,-0.4127573985810531,1.0954177288734481
-1.9874592448864434,-0.5640589490381017,-0.9843843412933008,-0.13536629799543987,0.19487957554463647,-0.3243222856606993,0.1285807267628638,0.5226923022084363,0.5248225053026965
2.6247110152520583,1.0165743043264948,0.20473555291443055,-0.11647896172302585,-0.40962745436534354,1.1031949692518939,-1.7007822645562745,0.6903903869312037,0.34103111460846913
-2.724138952221241,-0.0673948672117315,-0.4176312320274461,0.09871929332099183,0.7324574386942675,0.27917978090697354,0.09482248954679123,0.34903255367945707,0.45398284122967847
-1.4326762630307415,1.6518500315336222,-0.18610462246566548,1.1526956122216285,0.2132504654132256,-0.21398007262404034,-0.3427934841504492,0.08455215976165983,0.018407093144864106
-0.952571445462655,0.6496293051564809,-2.412019238611533,-0.54413883648804,0.6343685108880797,0.18157795329636234,0.8616848567781786,0.46640713374180687,0.009272037714805781
-0.47916814783007233,1.0205994662827818,0.9822016526006858,-0.9195757842843537,1.4935559343334828,-0.019594624677353345,0.02346908311143192,-0.40459955573151307,0.643915210498264
-0.5640158673887573,-0.651315296481246,-1.041001126734023,2.0390711688923253,-0.0706850696008322,-1.2468736038485613,-0.49589707177428155,0.6385630471344307,-0.7519086869067022
1.5319655525115996,4.051964525252997,-2.8043467917024065,1.2237354397305684,3.2131980146170216,-1.6435385249216652,1.4262131565931102,0.09417013779759911,0.876916292352589
1.3210264477333236,1.2019670393947004,0.748463773492944,0.2703331650699131,-0.0379844570292186,-0.16471073882896636,-1.215645163766733,-0.4463952140661257,0.32223770697600607
2.5713672819260447,-1.291592898096221,-0.7091861595156668,1.0012525687804938,-0.5932936200491331,-1.1299884231503592,0.21218284442593446,0.13895350682986488,-0.2672753496762209
3.5348208408176647,0.3062773743071812,-1.5874834483458562,0.413702508504347,-0.054407877572127616,0.6474708939814326,0.07853631308683112,0.5530919146521374,-0.2853524057129642
-0.4380848971763565,0.5057054323987528,0.3631091213828622,-0.45274533943498435,1.6750552551321274,-0.06591802477352426,-0.43113689364496277,-1.2186070165348364,0.2980723976620909
0.1942905441272229,1.487445218225482,-1.1520570966990906,0.6692044729928147,-0.29800472780649656,1.3859186149234857,-0.43573973554176904,-0.7187032229684851,0.3249436071141014
1.1882488868091459,1.2723598169735393,-0.07635582136887975,0.5238750147862073,0.15036567420716926,1.3052263093960588,-0.042702598011370496,-0.6147109982799746,0.18158062263545416
0.2255500678778516,0.08978598590071883,-1.428083788502181,-1.13932637226936,0.23735263366879988,0.29475919774373155,1.0276082499935772,-0.22161503643318406,1.061400941038197
-2.2670389547251726,-1.2457445222110466,-0.7872304643314024,0.01043195879072667,-0.1880368123933297,0.09961395033012194,-0.03980616781309093,-0.318117151235527,0.5527710030217565
1.713844978284739,1.7199588900901528,-2.1301380128988607,-0.2011938697410237,-1.1390821527015293,1.6994594247453743,0.2324732987384078,-0.9560137658255529,-0.17588800895239154
-1.019026899937095,-1.1051157597750811,-0.23669775684777308,-0.23131566655378333,0.48536742735778204,-0.2339645986701468,1.465241642718906,0.4839978114593616,-0.24776060324373128
0.298868202836983,-0.6762956258173981,-1.3271935562090393,1.3811778158728076,-0.6993894714658546,-1.251945247991271,0.6511717927112246,0.013556795217897016,-0.7549133389055306
-1.3268265659630953,0.30325560427156534,-0.7502141243313329,-0.618530815642204,0.3364508750887685,1.7494319066395059,-0.2768711225699574,0.8080444073285447,0.4960556855039362
-1.1097365973762559,-0.2837702318825626,0.07540313411949595,-0.986163413071097,-0.3081014707116211,0.01773888877062907,-0.3547975163079432,-1.5214771972281456,0.29324862333647594
-1.6700317745566489,0.2562984228475334,0.37104502381208626,-1.1002543751068399,-0.13771148695653096,0.029491637156912998,0.14556330342894236,0.21561726559199365,0.4481653481515995
-0.2714874031562961,1.5249751418240427,-0.5458113884024438,0.516781090949186,-0.4639426992503697,0.2161132181632654,-0.37389878683209077,0.23540730203096769,-0.43521749151508965
-1.333325074489284,0.5567539545340928,0.06666346160836917,1.7974590853788244,0.37296682665708647,-0.4050510453427726,-1.7533236020718954,-0.41474424009746536,0.4260265165649586
-1.8735449017866674,-1.7709522132719724,-0.1941720917093538,-0.23086161335855393,-0.6492882616540441,-0.5218601611668884,-0.06163463868253716,0.6187422074328255,-0.8012160939870352
2.7609069496068877,-0.4422465216138733,0.487216800174997,-1.8050092859383893,0.6288738220037652,-0.7065564873276615,0.335196565893219,0.3775351792582117,0.9793674672227697
0.488655191617846,-0.1192086163768546,0.11360182543063058,0.4090539962133176,-1.3840260245883034,-1.3426639647536298,-1.5731248493823227,-0.3435157407087316,0.48569234534737493
0.37249676211626526,0.7844899296137415,1.113311360887479,-2.0053669527243674,-0.13943834678890232,-1.1070310261817902,-1.0638969562480174,-0.2515540433712343,-0.8157033409857091
1.0558771356281937,2.5286606927194364,-0.6034076780361649,0.5952515286438843,1.1398328173455488,-1.1492670088385748,0.43085441708311395,-0.2998984814773883,-0.6614692608568866
2.1244548251298916,-0.26828674563887206,0.4497627931356688,0.12870078202750335,-1.0719851007939547,0.7587081423875519,0.09634834479171098,0.1522601539085444,-0.5106917691784941
2.0295396924085436,-0.90521565775222,-0.3119934183245544,-1.1716445841187313,0.31460540679786814,-1.29889741219722,-1.7571556275644054,0.27729937669192173,0.3670141841849095
-0.18753676338472036,-0.9624435562459192,-1.8899630801341667,-0.3577708406934509,-0.14066298454379123,2.0886926390648552,-1.0185537176286856,-0.004341073803954737,0.2992391520670038
1.7323494576937408,-1.5828939217169156,0.40245859987117094,0.8416709021051104,-1.1620238870232535,-0.5226940926159914,-0.4368945969191381,0.2526564898696895,-0.41036380016006746
-0.6859233713810351,0.31632641410547996,-0.18540740686455665,-0.04872130497089289,1.967542392442271,0.5644048261206185,-0.1200630242931936,0.9880874175723091,0.40908713240645755
-0.1404296254521359,1.1119471322600374,-0.5769490160856544,0.4456389040875498,-0.9517692659808232,2.4638707230208303,-0.23679803358981288,0.9802468094628882,0.4913265004959131
-0.6558612554883818,0.6346009579469555,0.09280568264660205,1.3802184116703446,0.17963504330230792,-0.2541791405598448,-0.22485334829739867,-0.7334577255734192,0.301696541813391
2.0816847464989277,1.9092440768026002,-1.1652731353651067,1.1613326102194996,1.849324170723765,0.32428279972210333,-0.5717493749626069,-0.06410529583433508,-0.20218547669222947
-0.5406372831741448,1.1018713779336606,0.9713045621051555,0.7881249259280362,-0.12375970152935128,1.849547804979162,-0.8741490579394126,0.6306674200896584,-0.12301513638561684
2.6061215547676517,0.6113867656812556,2.9629561977801187,0.18439657462757186,1.0763943406972856,-0.7060153745123889,0.7771589140899144,0.048689085357434964,0.36635595312914926
0.16870723290882628,2.4117186827361388,0.37917961245123355,-0.2286961721671602,-0.4579608368695587,-0.6976298995595673,-0.35959744022367846,-0.36895036616484544,-0.6847654562353932
-0.6740641351748019,0.4163089982082318,-0.15787595217119135,-1.8078371718679955,-0.855208181156365,1.809029143773597,0.37689186835958244,-0.06875027405268833,-0.8757117448630175
-2.0141175441496197,-0.34187480134957543,0.7121789380434517,0.22317213373935274,1.377359308372736,0.5102735239049807,0.6722327679175875,0.002978790175206164,0.92196191259612
1.8469837539724723,0.1048234504414995,-0.5646141368490777,-2.196145735398487,-0.844797271912104,0.9033945033359443,-1.2563730225143055,0.7776335776704918,-0.250255388280842
-0.0790030638937701,3.2775605039066105,2.2489782573793953,-0.8329854874474751,-0.2736142624185055,1.088248031375086,-1.007905789508749,-0.38744795236200946,0.3968995907733477
2.42352557686797,0.48974253909426263,-0.2651179175565235,-0.053843465755482045,-0.6045105789194798,1.7348457250333957,0.7675698546112941,0.5636025972551628,0.8442957742475043
-1.8934726456945676,-0.3997313989366798,0.22776176788263872,-0.8512357238546912,-0.407180720702063,0.03663189474157408,0.16239149649531076,0.30424418105368456,0.42560369971526857
2.8440917361061766,-1.3122411042627553,-0.07436015454678849,-0.08577323051145269,2.3097928847614373,1.2983478696980546,-0.8830734030880562,0.453418103377477,0.028390897401737503
-0.4374264562893776,0.061896908125547365,0.41720327844792204,1.3031912686269482,-0.31434426625673983,-0.7101460953112977,-1.3380507924783025,-0.3645513923092428,0.4898334116035383
2.5738302798781243,-0.5206242454114867,-1.3363722669636902,-1.1461941756548684,0.5816641904583725,0.6661928501507288,-0.7051163866015157,1.1852216423249669,-0.818579188347859
1.0940912266537373,-0.5743923031092633,-0.4210624031874095,0.2928977199298751,-1.4420364490379733,-1.332870792385392,1.528367835655445,0.7427055257156706,-0.06524149587985484
1.7042684012753346,-0.09320036121449544,-2.4776865904583336,1.1084552080172312,-0.5288003609330539,0.15812883754720036,0.27243428898133326,-0.3177757840121421,-0.1594750819936791
1.4829951761404718,1.0991682015492368,0.47376958968332616,-0.8277266327189027,-1.8443243823394373,-0.3255298706746481,-0.05110428309765919,0.3105622141268743,0.2032362377902236
-0.5700619898237846,0.38443661020590053,0.6955273830236277,1.0261579592657712,-0.4414057006587193,-0.6908940803402097,-0.8582357413793057,-0.04394941975361047,-0.8220443759278959
-1.445455725425849,-0.2300296692861512,-0.25685055313251515,-0.3994163144033749,0.6417884074277693,-0.12891907965918947,0.4834930447651644,0.12047426359055101,-0.7323215856847503
0.5967437932203273,1.4525072841706295,0.44477126861969707,-0.3674427560152027,-1.1715545816864252,-1.25725784165526,-0.757670683482761,0.4185612121627227,0.23735008610465758
-1.231193580239232,0.5078274389654787,-0.8061032018409642,1.28764594314018,-0.5836262834198334,-0.3655081400213058,0.041406773711835265,-0.29436199639774785,-0.741561151838591
0.5733498165706848,2.2634754911914383,0.5690073603942782,-2.3433795326198914,0.4885765976125821,-1.0643170873195755,-1.0299626376436333,-0.5712922881355715,-0.6642008398365111
-1.080143348536164,-0.568413025218855,1.341781414389566,-1.8186869708186966,-1.3339285212318943,1.3619994330885932,0.12283407213051153,-0.07946901075517179,0.9251823130998438
0.1677451118511195,0.9774225986941695,-0.9583767420176148,-1.6033094886475474,0.3349024347881568,-1.2382744854004242,0.1137738563506846,0.3677057448634181,0.6473932031044205
-2.1269945046385064,-1.0339820171555487,-0.47575756896280785,0.11919171342032231,0.19650997341909768,0.07969226302718174,-0.6434288526584556,-0.7433561352023068,0.25879796355096474
0.9999484558529125,1.009741829330111,-0.5719537858789696,0.9974756756857143,0.2022617472349831,1.4415864848858997,-2.2109593797572056,0.3223557404285814,0.26137625771811723
2.3567873568378297,-0.6666234643957855,-0.12103768117490435,1.1509363031957829,0.31409937659952747,0.6683379532659948,-0.09624273936846617,-0.26498470347971426,0.16303107064992461
0.5346099461431567,-0.6034901194464831,1.0667095001957578,0.7446599527879784,-0.922111103713648,-0.9574987717805752,-1.0454762172621677,-0.4039038760203765,0.29280762335185917
-1.2453805578236463,0.37008133591992687,-0.5081514804505383,-0.9639328470571165,0.08933385603921368,-0.41016169464625724,-0.04056254744234894,-0.13656823043178087,-0.04034478840731959
0.44974661195256715,0.06151813909134672,0.6746260575879316,-1.3278067000020144,0.42348197397416476,-0.6868265689351976,0.21740254116548233,-0.6712753784494494,-0.9013787921107088
-2.7634736056393767,-0.416566782666306,0.13246523866519916,-0.05412204984773772,0.4114465298506891,0.12800832037100535,-0.24431355079877504,0.8991846211951336,-0.1737137244399048
-0.9242685412040353,-1.5108219591179461,1.4557103623286074,0.9118314109279172,2.5358460364093114,0.5954452251743312,0.6554048622310846,-0.5197264179841558,0.282620952389788
-0.9223045401817941,-0.22750062670177212,1.494575679548305,1.535261505472977,0.24149581246575885,0.14031787555555247,0.5966207370835084,0.7231194061319514,0.2931505698412509
1.5375806148236202,0.7612059718977991,1.2837677127331744,-2.3587941102244874,-0.06939572399382121,1.2015675572706244,-0.6621415286507907,-0.6066408671505156,-0.36602118558109203
-1.2992717587082327,-0.5572981658372809,-1.117100199705873,-0.3647695475528564,-0.08259534753518283,0.6631089186259953,-0.2821997827026105,-0.4405959419704032,-0.3031304308833072
-0.1454641953105672,-0.5788809350768039,0.7654967782072725,1.0897906689590546,-0.529432211310039,0.06277364338641594,1.1890623836914362,-0.6176599329009766,0.4477875317919062
-2.639394608732927,-0.6560958276723032,-0.6228037699882255,-0.09854599069040826,-0.007869031493713263,0.21259423446040354,0.39793700252235864,-0.026094215255520276,-0.7479369188309725
-0.5703756281591373,0.5393017215651024,0.5526866125185009,0.9597199552150139,-0.4822092110078948,-0.7432723834626975,-0.8800911146403826,-0.07491403587518627,-0.7982224045968238
1.9143021952951291,-0.3168284462731471,-1.3291394096186586,-0.9186048305219066,0.8938691539641629,0.14486892875571894,0.07002209045106539,0.4953433804158981,-0.912160531554305
-0.7152489365577017,1.7851928325832236,0.1822240865759102,0.3309352230875512,-0.6114176843531278,0.051949627440713464,0.23315140237558218,-1.0675082720597115,-0.1854036165860224
-1.94318654353504,0.7863800963901184,-0.3787418818792545,1.6212423115787833,0.040002206341134716,-0.16205023871899776,-0.04678708671805698,0.5116160614242206,0.0020158206394721434
-1.3795601890998892,0.9602124901121504,-0.9520259519570048,1.0381200878811683,-0.5534627230331871,-0.2649318304929794,0.9487523905173201,0.3470421875875057,0.01328123825135219
-3.3020346236265716,-0.9951229985964211,-0.7042372789232465,0.46053414467990506,0.28628609990207327,0.43354787806056666,0.5394064966899552,0.5155005672845135,-0.1917613140280654
1.9399746855162157,-1.6701670331740643,-1.3362687774186384,-0.16896139584605296,0.9713988477260697,-0.21073115944699972,-1.316491086358044,0.420775250216853,0.26964192958726074
0.5295372655364895,-0.4889705679577742,-1.430564732149747,-0.3049715835874137,0.9736508910270862,1.270775655669442,0.9178600533115052,-0.6430330584235175,-1.0060596083571132
-3.1384979987009305,-0.39261739633544696,0.602334144522855,0.3018496177171447,0.956711101276035,0.7497005723508248,-0.031304494659237736,0.19040207363314374,-0.866557671187577
-1.6443747392560277,-1.2370195133813615,-0.6539466239887127,-0.15285040046340204,-0.25717555965046257,-0.3683338233912301,-0.5122111986039791,-0.2688362800919386,-0.2609000944875632
-0.2019893777010161,1.63003340104262,-0.23268625777200658,-2.12876552248316,-0.10233510247483152,0.44908691890934177,0.578799658463957,0.2550418702332129,-0.09534074168989864
0.488057989279329,-1.2278673862699763,-1.1689155683322745,1.1572453635125841,-1.6125919718412733,-0.6653229482304663,-0.8224059697462222,0.12912449265063933,-0.1830433960280241
0.5086104894849653,-0.3242842004785311,-1.3487039435138268,0.49473879916992847,-1.8901806972634807,-0.0908738697819223,0.06861672555625778,-0.7577323372639635,-0.14378194153506374
-1.094094944506416,0.5494144591926795,0.9494613833201735,0.46581736972811416,-1.1525201691858236,-0.12655799828096587,0.6610264571732594,0.5489869551128718,-0.1846199366364094
2.5827474580451173,0.7884575627110959,1.7243839078776029,-0.5390915456055534,1.6296809619191308,-1.685676978946379,-0.769434728854932,0.4767900630592208,-0.828400550526458
0.30269664539766594,-1.3928006245940971,-0.4716518721495794,0.834627857652022,-1.9343962358481201,1.8787746967889902,-0.4885461697852438,1.635232895183368,0.28217507297215993
1.259673164339374,0.7238746931328244,-1.8224356232593915,-0.14488178008376373,-1.6260499769676175,-0.6979262603067721,0.568745268363984,-0.06654807728407733,-0.4583187744630634
-0.8333939247156585,0.5102688444950567,0.9479132148013805,-1.8756780593636457,-0.5833388076030759,0.6219087063969218,-0.32622205910009394,0.8450622529234263,-0.2216307640753326
2.397168423480108,-0.7742511686136082,-0.5708242024587196,1.5279471314518878,0.648500686388537,0.2578376845395041,-0.25535827192429295,0.4373503682348522,-0.3387606079490766
1.870721781932668,-0.5343106873352733,-0.15348235200486232,1.131511449142541,0.03054820021319926,-1.836104616507417,-0.5482731204864083,-0.10029202760234798,0.5209288345086232
-0.5781464834885734,-0.05566197909602767,-0.11499519530489907,1.4178287121912931,-0.23657830823181958,-0.4472806613602451,-0.6127116775676579,-0.4349494995927158,0.35920410432982375
-1.388538422327523,0.4940741930447516,-0.06935681677820722,-0.6999434310657857,0.6439489783146135,-0.5033111102643113,-0.10208965715015683,0.336932922165709,-0.7066373668971189
-2.0699602256339995,0.38401806752119494,-0.701927455436657,-0.04963871506599382,1.043721286821076,-0.2717875181289322,-0.5727618815228188,0.21717049713919492,-0.036655173248288264
-2.3211677144918967,-0.7086965457249044,-0.6865368203100287,0.11046765958092286,0.3318905467703184,-0.20615695314283095,-0.45846092477581657,0.2738849043952574,-0.09526131358028206
-2.01558264835644,0.7529618075863713,-0.566938187037582,-0.19196499516826848,1.231990375726527,-0.39894131200160377,-0.63593921366146,0.5360310165333042,-0.6133021778857317
-1.4608239729221797,0.4319429402410652,-0.38820825783468915,-0.6093622983535926,0.5405975254280829,-0.3434631395012189,-0.48021174418374024,-0.23588640866554725,-0.8008421529317147
1.2229313269448818,-0.8853803228923316,-0.017427560654522667,-0.8968517587144174,0.5980593185399224,1.100225219615181,0.6848087186903151,0.39622489000931194,-0.21799717819895503
-0.27933586419904494,-1.5737336457885742,-1.015627745738031,-1.3295672182615639,-1.5772842600053343,-1.4744708373562778,0.05081783336867876,1.2429762753007276,0.13816699152177092
1.5525469791345192,-1.8737695288824454,-1.5436134184065469,-1.0408966837022215,-0.7664687170139382,-2.315708855570646,-0.18243955919985289,0.29141091263227703,-0.11579941614851558
-0.9441194629622917,-0.8276438378710832,-1.7698956009075308,-0.31969650647955494,-0.1309073543301773,0.6057150095751407,0.10551811919649434,-0.9986627695102662,0.28527454997498425
0.5751870579162611,-0.6641059749362375,-1.1035277758308248,1.792816940536695,-0.04645988130681222,-0.5767952502804234,-0.8839239984760786,0.31485849295378354,-0.1843849606787159
-0.4589411168794971,-0.7190606010520667,-0.3344918834357977,-0.5538511107616073,0.22735683166223153,1.8262803717292886,-0.4373112992853586,-0.5837328062703063,0.08236926034422709
-0.33283645193572686,0.3669237312180171,-0.187315189609013,0.09996646413768095,-1.8855291078093823,-0.552572131162971,0.39101846723341627,-0.1151542827932294,0.12532417773732252
0.030089348096014046,-2.061095737042989,-0.5935440846816329,-0.17339055385119162,-0.057370193855250884,-0.9081701928809092,0.2543313919526047,-0.5316514664399312,-0.3758831851970104
1.6362224801721363,-1.5082057898564225,0.2910639178585771,-1.0897103101555148,0.07430024938164204,-0.5385872778577193,-0.719620170320351,0.14509812854626805,0.17519740106426074
1.2560457516443222,-0.8821646996972498,-1.4632235808536673,-1.0822067918124088,-0.2936874625233665,-0.964608049713957,-0.9405375240626322,-0.4098186442758568,0.4061357465977863
-0.8183756243055952,1.1699182721675732,-0.5540295966852256,1.0272278292454091,0.019577303295362614,-0.5482988775638797,0.5362399705369021,0.7212483400826263,0.0243579526453932
-1.5460948326995252,0.0666081650915643,-0.30354071341542055,0.5077195504123905,1.9675116463605926,0.05742254178068912,0.10713360305284642,-0.5116241715924414,-0.3458276972999785
-2.383755558336885,-0.5106351744499433,0.22411635641715158,-0.17059276889645447,0.3231680862109721,0.0368772387553708,0.2698036324153351,0.7349834229311388,-0.23732653479839083
0.15467703591575566,-0.7694782480306254,-2.1542821678177324,-1.0085945791761397,-0.7677485583937658,0.9284206774847539,0.43595183992291103,-0.24765545361536864,-0.8859847064253163
1.3512083703454478,-0.3779678975885448,-0.03179688305236059,-1.397926053442332,-1.6461115733361864,-1.3767886675324803,1.4695441260056405,0.5010714471711508,-0.08527015911806407
0.5541135687240984,1.6023796480245214,0.37341327199461527,-0.8349358555424247,-1.7551063627908419,-0.8010177073496398,0.30637961913729717,-0.33033518695057174,0.03630563566931255
-0.7458174664172295,-0.12394087909503053,-0.8251165628452136,-0.8683973705072766,0.11704698802197619,-0.6366928749614644,-0.07810247421976402,-0.35651374923147483,0.5375022858486784
-1.2482496630184277,-0.6395451572437458,-0.6137510767978566,-0.17524019998668738,0.5007533442664422,0.19412894600809588,-0.14049177216890807,1.3246587453752283,-0.20492903980748223
0.4869509862344975,2.0028644416284056,-1.0953990567618663,0.17803410467239622,-0.42796445464411237,0.7896968128067858,-0.392007293176754,0.7763067811337127,-0.4628185965214143
-0.6576806047125655,0.7535574921801594,0.6990423246343618,-1.5828090019889371,0.16330646785311467,-0.08382303692921667,0.562959610030958,-0.2313028561931019,-0.5911982199076552
-2.3422722800219407,-0.2732417630682167,-0.11637855783721827,-0.29206641591144133,0.2372407353837062,0.11343621172594537,0.013664846283771848,0.414837608079085,0.44501996887311857
2.171999152134146,-1.5985102362943544,1.2734642618143455,0.7106247037636025,-0.7408505118235451,0.07902826869483343,0.594317593846987,-0.2618333779794886,-0.4856490837008937
0.23252307465593436,-0.5497373981967879,0.025020039619242748,0.16028982780051437,1.8841511783946323,-1.3039601099105296,-1.2656041869899188,0.32085641131861475,-0.28988382288467635
-0.6941631747263317,-1.0366647751339548,0.412532129187841,-0.4427998855411668,0.17055458837575452,-0.2510199747597601,-0.09966675461949892,-0.6834056414605439,-0.23249897428433014
0.6190531219611891,-1.289700472561764,-0.04972631064117594,-0.7777270845600879,0.21020187542914154,0.1523776553354515,0.9077133347087517,0.8882585412358468,0.36504575880405987
-1.9653335032783086,0.31565895898271945,1.3546414907605522,-0.6988238216694596,0.5358734089468722,0.4036853510176808,-1.3445141956510112,-0.6953634714572139,0.19001637241154468
-2.0863346113210044,-0.9412182958140747,0.48028124443145015,-0.554047382359502,-0.40636647919667046,-0.13451479235323888,-0.49323326580353943,0.797264427655736,0.41113500841838146
1.3563835026060649,-0.3124749148212263,0.5404977213191071,0.36954278927005146,-0.9118343029499034,0.24910427977403365,-0.2188238625968607,-0.8335545173776607,0.2531184626627997
1.574277167481799,0.5546409935888676,1.3860880865514371,-0.2818872274887311,-0.8705482583202888,-0.6478449272806017,0.39902473655298454,-0.502141169486235,-0.34650058067819034
1.3991318354722404,-0.6265692865269022,-0.49282431550228845,-0.19551390116592038,1.6712810494245869,0.22246503771790133,-1.7986599512059547,0.4134094231332256,0.23311459634987364
0.47910946294644663,-2.1527313242760178,-0.5604459528416428,-1.0882348837643052,-1.1582535546886936,-0.8307352069325558,1.5166487827302864,-0.6024783835778117,-0.9630878169700147
-0.21028199141177695,-0.34255409996826175,-0.22734880285920972,-1.2584116732273607,-0.4179060464041503,1.5939353122471778,0.11941649902731821,0.07920872635897788,-0.14049148229441266
0.8026779205919309,1.3262619420168196,1.7360759515370066,-0.64403381558738,-1.1517401319681777,-0.5083168994698815,0.09408560116001402,-0.490919527449483,0.5684714779158755
0.7229159288646977,1.7252068894201757,-0.19725678995855686,-0.3464958875112255,-0.9946463238947729,-0.15314159297647306,0.602882102860141,0.6994655633358697,-0.05432678011944503
-1.8061325842983833,-0.38824450738604005,0.6893287836221353,-0.47372182941653207,0.3393561852633323,-0.49005648098554017,-0.5917739710587893,1.2951403848464924,-0.1953572939400664
-0.21838961508972732,1.4577722597352678,0.7304278732730001,-0.2168088616014181,-1.2683875630992298,0.6116660488482244,-0.3134819429556478,0.05282401453664365,-0.12130583758986041
-0.2145001211043267,-1.0893570447866923,-0.09862114074403777,-0.9862838346575851,-0.5176293011232201,-0.9245613065582248,0.06892154511278897,-0.06308337797945449,-0.9004888130557065
1.21544111604025,-0.6990954893968594,-1.2776497449815758,0.3322191293760385,2.345802464339462,-0.06741912851215748,0.36381731502714665,-0.7556308290760098,0.25621587765783704
-2.1304794002976193,0.49163012190706074,0.08032783315612532,-0.6055739695063325,0.5021828486450288,0.18565508666136005,0.09722007283108447,0.23112684855341512,0.46028866092537957
1.0172835209794013,-1.3214942899392292,0.16020509213026599,0.24331160272656616,-0.08047873292867225,-0.07391311170728221,-0.20183693227280824,-0.2481219749161324,-0.4144441987043333
-2.9992064024355467,-0.7156456939739441,0.5153718066096235,0.049361571910180535,0.22342124269937433,0.4433716518723582,-0.6379944854650225,0.18589536236250143,-0.22859755532995457
-0.29165657883745816,0.05425871409017423,0.263093260790502,-1.6791309154092875,-0.7007892345705466,0.7024139917051877,-0.5337944123335779,-0.9506670787216681,0.20741543499320425
2.8247122549861787,-0.9297016910034512,-0.8766784349859699,1.0986617489906316,2.0753587544328633,1.5137795267321865,0.9221808982145763,0.5157811747610438,-0.6556785082932512
2.4341430448105785,0.39043454722971,1.853769415106583,-0.047592935024945326,-0.24657178773857535,0.9416058092574571,-0.40012031654416835,0.37193123934195405,-1.0175512318645228
-0.6412386137368766,-0.7113483335726357,-0.27569569626929724,-0.8731164057386089,-0.18362585581348523,-0.5555197288169027,0.2838906783635941,-0.40360249145214555,0.40781481853991575
-0.9198588799229337,0.7112676365206877,0.20836459615428818,0.4373625877777886,-1.170366851129602,-0.0549460638408108,0.17126581300689425,-0.6338285865244904,0.49418448636616286
-1.2859675415910763,-0.2081003933417318,-0.28569762691116835,-0.5474255033294899,0.22951610946683898,-0.2908975467573742,0.7907083150552539,-0.3239604263174929,-0.21599148625148046
0.72355454061757,0.710012802567621,1.0870311114669355,-0.4103580848307489,-1.3712399597033433,-0.5346488253612991,0.8744676017537446,-0.18088779807542457,1.0058582054167857
-0.6882553937689199,1.3223455269948114,-0.6332297048928862,-0.7115509398078146,1.633669209725762,-0.47811382877520425,0.44899104466431544,0.04776940737514515,-0.6056284630849614
-0.2292459478774529,-2.6952032075454566,1.1541361770881629,0.492721307454448,0.8900968055353008,-0.344906770794829,0.23150470669898993,-0.22440258985566788,-0.6391730880683093
2.433321332742723,-0.9948476515131323,1.0551391321953074,0.5606909812197111,-0.3307679418342123,1.4352820999368336,0.49435751702899006,-0.7547240939003488,0.038577149293359314
-0.2619349688520025,-0.9751049750695018,-0.5989176767920461,-1.0981408562154034,-0.8454786023742475,-0.9753010136875868,0.1252926018183387,-0.6329990355529287,-0.8241179558895204
-3.0118388976367485,-0.9146469865095216,0.6272269484363542,-0.23476090219110435,-0.3314771953138461,0.7204819702096528,-0.05631373600186018,-0.21515713687182367,-0.2787379522605336
2.5013519164439715,-0.7611285006795098,0.8862020446854619,-0.42547029789635715,-2.1671062116587936,-0.07434512630947943,-1.470931203479903,1.1369701183792849,-0.30191840756302063
0.2862693601728147,-0.5712104710756178,-0.20856764013654333,-1.0909196704624795,-0.07677155128979607,-1.358033757412729,-0.9112459236286249,-0.3953320095206433,-0.21748748867926798
-0.7492678047908394,-1.2525525195909015,-0.702921734718555,0.31557475280754244,1.0878370524429588,-0.8144187983198528,-0.2067865849425855,0.23931711175871848,0.5812675685136952
2.2472727443071294,-1.4155738973187515,0.689191597920702,-1.3370237993389167,0.23299096426556723,1.269017272683606,0.725219127505415,-0.5027205180084581,0.08109344472268176
0.6402807972204235,-2.618046878890193,0.2554457216701017,-0.8740234278554448,-1.0474188023333586,-0.09043446160962154,-0.6444518187081877,-0.43463854473901986,0.12123079293128025
-0.5739083638483609,1.068428040605267,-0.011513228609711573,0.4367691024767989,-0.9121313725407383,0.6243734940510453,0.5696728564082203,0.08916535838556283,-0.7644297553990745
-2.6263368026836234,-0.5207959988042474,1.194176220207455,-0.5370447940248586,-0.1264428994386272,0.40475649287929877,-0.5229760543394186,0.6219717853262942,0.33483801577379413
